<?xml version="1.0" encoding="UTF-8"?>
<!DOCTYPE mapper PUBLIC "-//mybatis.org//DTD Mapper 3.0//EN" "http://mybatis.org/dtd/mybatis-3-mapper.dtd">
<mapper namespace="com.qk.uaaserver.dao.UserDao">
  <resultMap type="com.qk.uaaserver.entity.User" id="BaseResultMap">
    <id property="id" column="id"/>
    <result property="username" column="username"/>
    <result property="password" column="password"/>
  </resultMap>

  <sql id="userColumns">
    a.id AS "id",
    a.username AS "username",
    a.password AS "password"
  </sql>

  <select id="findByUsername" parameterType="String" resultMap="BaseResultMap">
     SELECT a.* FROM user a
        WHERE a.username=#{username}
  </select>
</mapper>